Slice,Mean,StdDev,Min,Max
1,3813.235,234.178,3449,4526
2,3781.841,287.280,3306,4619
3,3771.625,282.248,3307,4562
4,3781.906,284.727,3308,4704
5,3734.727,272.482,3290,4541
6,3741.901,266.829,3291,4523
7,3741.876,276.543,3301,4635
8,3713.239,264.756,3289,4594
9,3689.401,255.068,3282,4547
10,3650.771,241.467,3260,4402
11,3610.329,234.003,3243,4366
12,3582.240,225.033,3227,4250
13,3437.344,219.559,3073,4085
14,3395.427,204.329,3066,4072
15,3373.852,194.166,3054,4039
16,3360.651,190.171,3047,3989
17,3327.465,178.892,3037,3884
18,3308.704,178.591,3025,3930
19,3166.307,154.432,2929,3633
20,3252.215,161.754,2990,3708
21,3092.672,173.065,2815,3596
22,3111.855,165.363,2847,3631
23,3090.382,157.015,2841,3668
24,3062.491,148.194,2818,3520
25,3057.919,143.446,2821,3542
26,3022.198,134.153,2805,3494
27,3021.230,129.885,2811,3450
28,3012.502,127.139,2808,3370
29,2956.219,136.678,2719,3373
30,2965.579,137.889,2741,3394
31,2959.122,131.173,2735,3367
32,2956.389,123.128,2754,3367
33,2929.638,121.746,2733,3324
34,2901.764,114.463,2716,3228
35,2873.010,120.088,2686,3229
36,2856.142,114.925,2678,3207
37,2850.798,104.958,2684,3169
38,2836.090,109.361,2666,3225
39,2792.776,127.263,2582,3134
40,2784.407,124.415,2578,3123
41,2754.460,116.204,2562,3123
42,2745.631,114.989,2557,3145
43,2735.831,109.345,2556,3087
44,2716.536,103.283,2549,3012
45,2681.733,117.518,2485,3063
46,2644.579,107.209,2469,2951
47,2641.382,102.016,2470,2915
48,2612.295,99.369,2452,2916
49,2596.907,91.680,2452,2923
50,2314.090,67.752,2212,2534
51,2336.717,67.635,2237,2642
52,2324.360,65.378,2228,2587
53,2316.535,63.024,2225,2556
54,2299.851,58.505,2216,2516
55,2289.187,57.178,2205,2494
56,2275.886,52.924,2200,2452
57,2244.396,57.076,2157,2450
58,2232.539,58.595,2149,2438
59,2223.543,58.033,2141,2453
60,2214.268,54.062,2138,2413
61,2211.388,53.204,2137,2423
62,2203.485,53.463,2131,2387
63,2193.512,51.763,2123,2391
64,2185.747,50.253,2120,2413
65,2145.552,48.972,2076,2330
66,2134.125,48.295,2065,2343
67,2132.492,49.136,2067,2344
68,2132.715,52.430,2061,2314
69,2124.735,47.384,2060,2315
70,2109.412,45.617,2047,2292
71,2115.389,47.672,2049,2295
72,2105.899,45.166,2045,2286
73,2096.054,41.714,2040,2257
74,2084.599,44.298,2020,2259
75,2080.893,42.844,2020,2239
76,2071.216,43.224,2012,2242
77,2063.792,41.437,2006,2224
78,2057.047,38.054,2005,2202
79,2054.882,37.459,2002,2216
80,2043.192,38.077,1994,2228
81,2038.523,39.893,1982,2194
82,2026.419,38.203,1975,2174
83,2021.481,36.450,1973,2172
84,2017.642,35.626,1968,2144
85,2007.420,34.736,1962,2174
86,2007.044,33.293,1964,2142
87,1996.899,30.773,1956,2126
88,1996.251,33.454,1954,2160
89,1982.502,33.847,1938,2104
90,1980.450,34.482,1935,2101
91,1977.901,32.629,1935,2106
92,1975.195,31.395,1934,2103
93,1972.550,29.053,1934,2087
94,1965.739,27.788,1929,2093
95,1962.022,29.378,1924,2083
96,1959.311,29.290,1922,2105
97,1943.964,30.225,1906,2072
98,1941.393,30.001,1904,2076
99,1939.693,27.956,1904,2067
100,1921.848,26.102,1889,2028
101,1930.060,28.177,1895,2075
102,1923.650,26.549,1891,2040
103,1922.014,25.015,1891,2028
104,1917.983,25.157,1888,2031
105,1920.503,24.884,1891,2056
106,1920.681,25.585,1890,2063
107,1919.071,25.305,1889,2082
108,1907.693,23.812,1879,2025
109,1909.223,25.448,1878,2004
110,1906.940,23.454,1879,2010
111,1903.881,23.196,1876,2013
112,1902.327,22.265,1875,1988
113,1904.130,22.445,1876,1992
114,1898.634,21.577,1872,1998
115,1894.965,23.296,1867,2003
116,1891.791,23.187,1864,1990
117,1891.385,21.846,1865,2017
118,1888.608,22.469,1863,2005
119,1888.651,20.880,1864,1984
120,1887.344,21.651,1862,1992
121,1886.158,22.086,1861,1978
122,1883.987,19.372,1861,1979
123,1876.653,19.858,1853,1958
124,1877.433,20.784,1854,1973
125,1874.443,20.079,1852,1955
126,1872.894,19.500,1851,1971
127,1872.688,19.081,1851,1963
128,1874.029,19.136,1851,1971
129,1872.473,19.390,1850,1964
130,1870.182,20.354,1847,1966
131,1867.638,18.728,1846,1959
132,1864.984,18.248,1845,1983
133,1868.710,19.098,1847,1956
134,1862.138,17.770,1842,1946
135,1863.768,17.463,1844,1956
136,1856.325,18.018,1837,1974
137,1862.218,17.176,1843,1945
138,1859.920,17.872,1840,1974
139,1857.737,16.613,1838,1928
140,1855.923,17.427,1837,1942
141,1858.003,16.592,1839,1952
142,1854.498,15.625,1836,1938
143,1854.129,16.786,1835,1944
144,1851.495,16.003,1833,1932
145,1854.342,16.480,1835,1940
146,1853.169,15.720,1835,1947
147,1852.337,15.817,1834,1943
148,1854.125,16.084,1836,1949
149,1854.129,16.935,1836,1946
150,1848.638,14.126,1832,1913
151,1846.679,14.391,1830,1916
152,1844.905,14.261,1828,1922
153,1847.099,15.084,1831,1929
154,1846.493,15.390,1829,1927
155,1845.438,13.785,1829,1911
156,1844.444,14.381,1828,1912
157,1844.196,14.343,1828,1917
158,1844.702,15.013,1828,1919
159,1844.780,14.158,1829,1909
160,1843.246,14.402,1827,1924
161,1842.461,14.830,1826,1919
162,1844.304,14.980,1827,1918
163,1841.358,14.185,1825,1916
164,1844.199,14.832,1827,1922
165,1839.528,14.726,1823,1908
166,1840.644,14.149,1825,1914
167,1840.846,13.878,1825,1916
168,1839.214,14.156,1823,1924
169,1840.294,13.556,1824,1904
170,1838.821,13.742,1823,1947
171,1840.539,13.467,1824,1905
172,1838.446,13.627,1823,1899
173,1835.965,14.000,1820,1908
174,1839.339,13.687,1824,1912
175,1838.246,14.326,1822,1911
176,1838.022,14.650,1822,1918
177,1837.672,13.513,1822,1916
178,1839.190,13.597,1824,1905
179,1837.561,14.228,1821,1912
180,1835.812,13.912,1820,1933
181,1837.010,14.330,1821,1913
182,1839.907,13.674,1824,1906
183,1837.074,14.276,1821,1910
184,1838.145,13.482,1822,1916
185,1836.022,13.203,1821,1905
186,1834.751,14.348,1819,1936
187,1837.362,13.451,1822,1901
188,1837.200,14.258,1821,1904
189,1833.377,13.517,1818,1919
190,1837.690,13.626,1822,1895
191,1835.926,13.732,1820,1907
192,1834.014,13.246,1819,1906
193,1836.361,13.448,1821,1899
194,1834.444,13.524,1819,1904
195,1834.666,12.995,1819,1901
196,1835.840,13.336,1821,1905
197,1833.993,13.809,1818,1904
198,1833.133,13.708,1818,1907
199,1833.757,12.909,1819,1903
200,1834.380,13.247,1819,1933
201,1836.868,13.384,1821,1890
202,1833.570,13.712,1818,1910
203,1833.299,13.260,1818,1904
204,1835.080,13.067,1820,1902
205,1836.393,13.553,1821,1897
206,1834.620,14.034,1818,1933
207,1836.179,12.458,1821,1888
208,1831.992,13.122,1817,1893
209,1833.613,13.100,1818,1897
210,1832.599,13.694,1817,1892
211,1837.078,13.824,1822,1919
212,1831.863,12.917,1817,1886
213,1833.295,13.309,1818,1909
214,1832.404,13.438,1817,1889
215,1833.924,13.018,1819,1889
216,1833.944,12.540,1819,1901
217,1832.064,12.774,1817,1897
218,1831.897,13.423,1817,1903
219,1830.766,13.235,1816,1908
220,1831.015,13.522,1815,1895
221,1832.450,12.927,1817,1897
222,1832.558,13.417,1817,1914
223,1832.606,13.432,1817,1913
224,1834.414,14.002,1818,1903
225,1831.837,13.403,1817,1899
226,1830.975,13.069,1816,1897
227,1831.479,14.266,1816,1909
228,1830.825,13.680,1816,1904
229,1829.865,13.061,1815,1887
230,1830.213,13.639,1814,1906
231,1830.407,13.656,1815,1920
232,1829.512,13.616,1814,1907
233,1831.143,13.499,1816,1894
234,1829.478,13.764,1814,1895
235,1832.557,13.185,1818,1905
236,1832.027,13.356,1816,1934
237,1831.463,12.777,1816,1884
238,1833.279,12.948,1818,1905
239,1831.764,13.368,1817,1921
240,1832.150,13.379,1817,1906
241,1830.700,13.773,1815,1893
242,1830.416,13.463,1815,1895
243,1830.518,13.640,1815,1902
244,1831.080,13.416,1816,1912
245,1831.787,13.644,1817,1929
246,1827.941,12.797,1813,1903
247,1829.427,13.225,1814,1896
248,1828.804,13.687,1814,1931
249,1830.279,13.090,1816,1900
250,1832.413,14.549,1816,1916
251,1832.089,12.669,1817,1895
252,1831.760,13.259,1816,1905
253,1834.059,12.788,1819,1897
254,1830.668,12.818,1815,1891
255,1830.280,13.116,1815,1885
256,1833.320,13.841,1818,1893
257,1831.094,12.853,1816,1890
258,1832.954,13.316,1818,1907
259,1833.347,13.495,1818,1894
260,1832.736,13.244,1818,1904
261,1834.394,13.377,1819,1905
262,1833.211,13.502,1818,1906
263,1832.398,13.283,1817,1900
264,1833.640,13.088,1819,1907
265,1831.321,12.940,1816,1901
266,1831.782,13.349,1816,1911
267,1832.811,13.044,1818,1896
268,1829.850,13.145,1814,1889
269,1830.321,13.519,1815,1889
270,1830.530,13.824,1815,1904
271,1831.609,13.228,1817,1893
272,1832.318,13.268,1817,1883
273,1830.246,12.470,1815,1889
274,1829.045,13.275,1814,1890
275,1832.037,12.929,1817,1895
276,1831.316,12.892,1816,1893
277,1831.054,13.152,1816,1898
278,1830.077,12.150,1816,1894
279,1833.568,13.634,1818,1895
280,1832.849,13.645,1817,1894
281,1831.270,13.499,1816,1907
282,1830.877,13.654,1815,1891
283,1831.328,13.498,1816,1889
284,1831.579,12.757,1817,1897
285,1831.774,13.122,1817,1894
286,1832.502,14.039,1817,1903
287,1831.375,13.435,1816,1901
288,1830.762,13.726,1815,1896
289,1832.510,13.730,1817,1910
290,1833.234,12.979,1818,1903
291,1830.813,13.850,1815,1908
292,1832.464,13.163,1817,1902
293,1833.045,12.948,1818,1895
294,1832.632,13.929,1817,1914
295,1832.732,13.282,1818,1895
296,1832.141,14.005,1816,1897
297,1830.701,12.637,1816,1892
298,1833.157,13.076,1818,1906
299,1834.737,13.666,1819,1914
300,1834.393,13.201,1819,1895
301,1833.374,13.561,1818,1897
302,1834.889,13.366,1819,1890
303,1832.924,13.831,1818,1913
304,1831.747,13.190,1816,1889
305,1833.159,12.975,1818,1900
306,1831.962,12.655,1817,1894
307,1830.566,13.202,1816,1897
308,1831.543,13.416,1816,1945
309,1832.728,13.287,1817,1901
310,1830.552,13.279,1815,1894
311,1832.644,13.219,1817,1885
312,1830.690,13.365,1815,1906
313,1831.698,13.678,1816,1885
314,1831.748,13.441,1817,1902
315,1833.368,13.007,1818,1890
316,1830.385,13.790,1816,1892
317,1830.896,13.590,1816,1907
318,1831.843,13.427,1816,1892
319,1833.880,13.250,1819,1917
320,1831.844,12.837,1817,1882
321,1832.750,13.128,1818,1898
322,1834.447,12.994,1820,1902
323,1831.480,13.192,1816,1894
324,1831.503,13.147,1817,1892
325,1832.846,13.830,1817,1913
326,1831.541,13.116,1817,1915
327,1831.374,12.681,1817,1896
328,1834.748,13.291,1820,1900
329,1832.303,13.932,1817,1910
330,1832.373,13.841,1817,1905
331,1835.103,13.026,1820,1901
332,1831.519,13.015,1816,1893
333,1832.156,13.973,1816,1891
334,1834.064,13.393,1818,1913
335,1833.687,13.663,1818,1897
336,1831.824,13.466,1817,1893
337,1832.868,13.628,1817,1903
338,1832.678,13.303,1817,1895
339,1836.087,13.729,1820,1909
340,1833.995,13.053,1818,1886
341,1833.538,13.593,1818,1897
342,1834.431,13.682,1819,1909
343,1836.455,13.643,1821,1900
344,1834.751,13.135,1819,1894
345,1833.963,12.722,1819,1898
346,1831.577,13.249,1816,1902
347,1832.493,12.818,1818,1887
348,1831.626,13.000,1817,1886
349,1832.233,13.325,1817,1895
350,1833.505,12.542,1818,1899
351,1833.965,13.648,1818,1912
352,1832.330,13.001,1817,1887
353,1835.210,12.979,1820,1908
354,1835.038,13.315,1820,1903
355,1832.442,13.527,1817,1916
356,1835.152,13.041,1820,1898
357,1832.460,13.318,1818,1909
358,1831.415,13.002,1817,1923
359,1832.670,13.094,1817,1905
360,1831.926,13.046,1817,1894
361,1834.401,13.917,1819,1908
362,1834.716,13.398,1820,1913
363,1836.142,13.972,1820,1909
364,1835.110,13.508,1820,1900
365,1835.515,14.053,1820,1908
366,1834.948,13.764,1820,1915
367,1835.997,13.912,1820,1904
368,1833.733,13.467,1818,1899
369,1834.874,14.008,1819,1917
370,1835.258,13.681,1820,1913
371,1842.312,14.048,1826,1906
372,2166.736,49.083,2098,2337
373,2581.145,91.024,2438,2873
374,2942.228,127.026,2738,3286
375,3201.015,153.872,2965,3703
376,3356.683,164.136,3099,3863
377,3442.561,175.153,3166,4048
378,3481.433,177.742,3195,4081
379,3491.884,178.679,3212,4027
380,3513.466,176.362,3237,4045
381,3503.933,178.370,3216,4034
382,3513.127,185.629,3223,4110
383,3493.270,177.675,3209,4000
384,3483.409,172.717,3207,3964
385,3481.501,175.857,3212,3971
386,3471.708,173.613,3200,3963
387,3455.311,170.550,3188,3929
388,3451.375,169.039,3185,3934
389,3446.985,169.138,3175,3939
390,3427.501,168.050,3158,3983
391,3422.817,171.969,3152,3982
392,3417.516,165.210,3150,3915
393,3390.749,162.268,3130,3932
394,3387.560,164.967,3129,3819
395,3372.137,164.160,3116,3829
396,3358.248,163.969,3104,3812
397,3366.832,165.197,3101,3870
398,3331.824,158.076,3081,3782
399,3321.256,155.700,3077,3743
400,3399.647,174.027,3108,3878
401,3487.916,189.473,3191,3972
402,3471.313,177.339,3181,3996
403,3456.628,179.618,3163,3932
404,3439.091,176.974,3149,3943
405,3425.580,178.423,3140,3980
406,3435.112,168.832,3152,3895
407,3413.787,168.934,3125,3860
408,3401.753,165.367,3129,3865
409,3375.043,167.865,3091,3827
410,3376.444,164.603,3106,3887
411,3351.926,161.004,3075,3837
412,3348.038,160.900,3082,3820
413,3337.485,161.065,3080,3896
414,3334.020,160.958,3068,3854
415,3310.795,158.185,3044,3808
416,3311.765,157.169,3046,3766
417,3297.426,159.027,3035,3845
418,3284.205,153.153,3028,3707
419,3273.016,158.081,3016,3790
420,3272.355,154.823,3016,3726
421,3237.022,153.407,2981,3669
422,3229.739,150.074,2980,3664
423,3221.439,145.530,2977,3634
424,3202.996,144.925,2959,3637
425,3203.563,148.694,2953,3605
426,3193.237,141.274,2954,3595
427,3199.074,159.603,2953,3733
428,3174.285,152.200,2934,3692
429,3178.649,151.698,2934,3611
430,3160.831,149.192,2927,3682
431,3145.752,148.201,2912,3605
432,3149.433,150.972,2913,3663
433,3128.369,150.919,2894,3610
434,3126.425,144.808,2895,3638
435,3108.952,144.098,2882,3605
436,3092.861,140.856,2865,3623
437,3094.721,140.451,2870,3638
438,3089.233,141.886,2863,3568
439,3077.565,143.591,2852,3555
440,3065.089,133.569,2845,3474
441,3060.256,138.989,2830,3502
442,3066.552,138.766,2845,3571
443,3048.865,135.508,2834,3448
444,3039.529,137.767,2822,3495
445,3034.122,136.467,2812,3547
446,3018.958,133.743,2807,3497
447,3028.357,142.448,2811,3504
448,3020.279,141.038,2803,3491
449,3003.893,137.505,2785,3434
450,2863.811,123.751,2667,3330
451,2949.754,129.835,2749,3366
452,2945.638,129.284,2740,3382
453,2941.438,131.608,2733,3404
454,2932.253,124.274,2733,3362
455,2922.896,128.268,2729,3343
456,2919.060,125.279,2718,3466
457,2894.260,119.297,2705,3377
458,2894.925,119.537,2696,3295
459,2890.988,120.575,2693,3263
460,2887.811,127.459,2693,3280
461,2898.329,130.169,2697,3326
462,2894.651,128.481,2699,3333
463,2881.349,127.185,2683,3295
464,2862.113,125.175,2669,3247
465,2860.106,123.816,2665,3257
466,2855.022,126.004,2664,3297
467,2857.317,121.137,2669,3210
468,2836.597,120.765,2644,3226
469,2838.674,122.755,2648,3214
470,2841.289,121.955,2654,3252
471,2819.481,117.033,2634,3145
472,2829.258,119.941,2640,3213
473,2814.837,119.240,2632,3197
474,2805.569,115.003,2623,3168
475,2802.396,114.107,2623,3203
476,2801.834,112.325,2627,3189
477,2794.661,117.516,2609,3183
478,2786.404,116.106,2607,3189
479,2779.020,112.520,2595,3130
480,2773.594,113.481,2601,3121
481,2769.804,113.104,2597,3172
482,2782.070,114.188,2599,3116
483,2767.238,116.555,2592,3209
484,2766.191,119.091,2591,3244
485,2749.605,113.299,2577,3134
486,2755.192,115.152,2583,3194
487,2742.778,111.456,2573,3067
488,2738.565,110.306,2570,3063
489,2747.540,121.920,2561,3185
490,2747.053,123.491,2566,3202
491,2755.730,127.478,2566,3144
492,2758.772,128.661,2568,3189
493,2733.102,122.658,2552,3109
494,2717.147,116.094,2540,3082
495,2719.392,112.848,2547,3093
496,2715.619,117.341,2538,3084
497,2714.909,114.168,2546,3080
498,2698.344,107.451,2530,3089
499,2702.618,115.203,2533,3188
500,2636.515,107.689,2475,2996
501,2722.897,110.616,2550,3101
502,2711.672,107.377,2542,3071
503,2697.909,104.811,2532,3057
504,2686.052,103.246,2522,3022
505,2689.993,104.677,2521,3092
506,2680.642,100.436,2519,3022
507,2682.356,99.238,2523,2979
508,2676.579,98.214,2520,2973
509,2664.771,100.180,2504,3004
510,2667.004,100.068,2510,2948
511,2664.772,98.332,2504,2976
512,2666.927,101.587,2509,2972
513,2665.218,100.148,2508,3002
514,2658.629,100.389,2503,2992
515,2651.596,96.726,2496,2992
516,2650.805,95.026,2502,2992
517,2657.468,109.199,2496,3021
518,2648.837,99.404,2492,2967
519,2651.098,95.300,2496,2955
520,2645.631,93.545,2492,2899
521,2641.195,93.605,2487,2977
522,2647.295,94.186,2494,2983
523,2630.674,93.510,2479,2943
524,2621.866,91.296,2474,2964
525,2628.317,94.876,2473,2973
526,2622.508,96.647,2466,2972
527,2608.849,92.967,2460,2924
528,2614.221,90.805,2463,2892
529,2593.905,88.698,2451,2929
530,2600.843,90.743,2453,2854
531,2610.017,94.838,2454,2923
532,2599.562,89.343,2457,2892
533,2589.701,90.530,2440,2874
534,2577.664,86.850,2438,2839
535,2575.177,83.597,2437,2826
536,2573.638,86.037,2434,2829
537,2566.444,86.302,2426,2851
538,2574.826,90.258,2433,2854
539,2558.954,87.133,2419,2829
540,2565.263,86.058,2429,2847
541,2556.242,83.463,2420,2867
542,2447.369,78.066,2325,2703
543,1827.340,12.870,1812,1885
544,1827.146,12.804,1812,1887
545,1825.295,13.560,1810,1902
546,1826.034,12.364,1811,1879
547,1826.009,12.858,1811,1899
